{"cameraMode":{"drawMode":0,"name":"Shaded","section":"Shading Mode"},"sceneLighting":true,"audioPlay":false,"sceneViewState":{"showFog":true,"showMaterialUpdate":true,"showSkybox":true,"showFlares":true,"showImageEffects":true,"showParticleSystems":true},"in2DMode":false,"pivot":{"x":612.2483520507813,"y":1585.35546875,"z":-167.39324951171876},"rotation":{"x":0.0002618704456835985,"y":0.9952772259712219,"z":0.09703710675239563,"w":-0.002686208114027977},"size":507.24261474609377,"orthographic":false}