{"cameraMode":{"drawMode":0,"name":"Shaded","section":"Shading Mode"},"sceneLighting":false,"audioPlay":false,"sceneViewState":{"showFog":true,"showMaterialUpdate":true,"showSkybox":false,"showFlares":true,"showImageEffects":true,"showParticleSystems":true},"in2DMode":false,"pivot":{"x":5.3519606590271,"y":0.9235512614250183,"z":-0.11302029341459274},"rotation":{"x":0.06962503492832184,"y":-0.6979674100875855,"z":0.06849884986877442,"w":0.7094377279281616},"size":0.00005715767838410102,"orthographic":false}