{"cameraMode":{"drawMode":0,"name":"Shaded","section":"Shading Mode"},"sceneLighting":false,"audioPlay":false,"sceneViewState":{"showFog":true,"showMaterialUpdate":true,"showSkybox":false,"showFlares":true,"showImageEffects":true,"showParticleSystems":true},"in2DMode":false,"pivot":{"x":11.354493141174317,"y":1.4334921836853028,"z":-20.045072555541993},"rotation":{"x":-0.04886486753821373,"y":0.8371462225914002,"z":-0.07582389563322067,"w":-0.5394898056983948},"size":4.972729206085205,"orthographic":false}