{"cameraMode":{"drawMode":0,"name":"Shaded","section":"Shading Mode"},"sceneLighting":false,"audioPlay":false,"sceneViewState":{"showFog":true,"showMaterialUpdate":true,"showSkybox":false,"showFlares":true,"showImageEffects":true,"showParticleSystems":true},"in2DMode":false,"pivot":{"x":1.7599411010742188,"y":0.6423059701919556,"z":9.329946517944336},"rotation":{"x":0.05361698567867279,"y":-0.7589695453643799,"z":0.06300758570432663,"w":0.6458486914634705},"size":4.972727298736572,"orthographic":false}