{"cameraMode":{"drawMode":0,"name":"Shaded","section":"Shading Mode"},"sceneLighting":true,"audioPlay":false,"sceneViewState":{"showFog":true,"showMaterialUpdate":true,"showSkybox":true,"showFlares":true,"showImageEffects":true,"showParticleSystems":true},"in2DMode":false,"pivot":{"x":1.2654328346252442,"y":-88.01716613769531,"z":6.3455376625061039},"rotation":{"x":0.6790884733200073,"y":0.030615564435720445,"z":-0.028369607403874399,"w":0.7328687906265259},"size":118.64208221435547,"orthographic":false}